{"mean":{"confidence_interval":{"confidence_level":0.95,"lower_bound":151057698.15875,"upper_bound":160108449.455},"point_estimate":154553854.25,"standard_error":2545263.099343863},"median":{"confidence_interval":{"confidence_level":0.95,"lower_bound":150742270.75,"upper_bound":154695437.5},"point_estimate":151402760.75,"standard_error":1030810.0597517993},"median_abs_dev":{"confidence_interval":{"confidence_level":0.95,"lower_bound":71875.33477395773,"upper_bound":4801569.772455096},"point_estimate":1035332.9201191664,"standard_error":1353863.0990866472},"slope":null,"std_dev":{"confidence_interval":{"confidence_level":0.95,"lower_bound":588540.615197408,"upper_bound":12893806.283518994},"point_estimate":8479823.842783691,"standard_error":3949517.2718148786}}