{"mean":{"confidence_interval":{"confidence_level":0.95,"lower_bound":188418396.3683333,"upper_bound":267705072.2333333},"point_estimate":218185311.1,"standard_error":22455426.322575144},"median":{"confidence_interval":{"confidence_level":0.95,"lower_bound":185446965.1666667,"upper_bound":216039229.16666666},"point_estimate":189400597.33333334,"standard_error":9109904.241639066},"median_abs_dev":{"confidence_interval":{"confidence_level":0.95,"lower_bound":1475135.577011123,"upper_bound":34997740.2693659},"point_estimate":9925976.183378711,"standard_error":10436580.905929925},"slope":null,"std_dev":{"confidence_interval":{"confidence_level":0.95,"lower_bound":5624450.850214655,"upper_bound":114250854.83370899},"point_estimate":74686948.57719442,"standard_error":36111233.25345396}}