{"mean":{"confidence_interval":{"confidence_level":0.95,"lower_bound":139420354.0,"upper_bound":141048920.7},"point_estimate":140249412.5,"standard_error":417560.9837534597},"median":{"confidence_interval":{"confidence_level":0.95,"lower_bound":138927667.0,"upper_bound":141222874.5},"point_estimate":140512312.5,"standard_error":501391.13286327245},"median_abs_dev":{"confidence_interval":{"confidence_level":0.95,"lower_bound":39689.94259536266,"upper_bound":2469207.9869627953},"point_estimate":1309043.114259839,"standard_error":773144.6970283852},"slope":null,"std_dev":{"confidence_interval":{"confidence_level":0.95,"lower_bound":735721.2842501028,"upper_bound":1715912.3367241793},"point_estimate":1386767.647987238,"standard_error":243084.24864788863}}