{"mean":{"confidence_interval":{"confidence_level":0.95,"lower_bound":82900848.81575,"upper_bound":84347242.3095},"point_estimate":83593542.93,"standard_error":367985.2544662768},"median":{"confidence_interval":{"confidence_level":0.95,"lower_bound":81632791.0,"upper_bound":83185958.0},"point_estimate":82211333.5,"standard_error":445875.43476860167},"median_abs_dev":{"confidence_interval":{"confidence_level":0.95,"lower_bound":1613283.748358488,"upper_bound":3345024.269413948},"point_estimate":2164905.0836652517,"standard_error":471712.0976782723},"slope":null,"std_dev":{"confidence_interval":{"confidence_level":0.95,"lower_bound":2832369.656550203,"upper_bound":4442679.045276258},"point_estimate":3687569.7934022234,"standard_error":411087.77822522225}}