{"mean":{"confidence_interval":{"confidence_level":0.95,"lower_bound":142150320.55,"upper_bound":2783926295.7},"point_estimate":1238910099.9,"standard_error":701822753.4535904},"median":{"confidence_interval":{"confidence_level":0.95,"lower_bound":141325917.0,"upper_bound":2422157771.0},"point_estimate":142113041.5,"standard_error":518016129.5586119},"median_abs_dev":{"confidence_interval":{"confidence_level":0.95,"lower_bound":370310.4780256748,"upper_bound":3378061384.1428223},"point_estimate":1656249.4955956936,"standard_error":578759100.5190427},"slope":null,"std_dev":{"confidence_interval":{"confidence_level":0.95,"lower_bound":1088363.600890772,"upper_bound":3097609235.6189733},"point_estimate":2341701179.894389,"standard_error":851494674.0125954}}