{"mean":{"confidence_interval":{"confidence_level":0.95,"lower_bound":88270351.19166666,"upper_bound":91181674.79444444},"point_estimate":89567932.31646827,"standard_error":750246.8047383969},"median":{"confidence_interval":{"confidence_level":0.95,"lower_bound":87756854.125,"upper_bound":91275909.6388889},"point_estimate":88474664.5,"standard_error":765769.5875082996},"median_abs_dev":{"confidence_interval":{"confidence_level":0.95,"lower_bound":165516.81242398918,"upper_bound":3296417.064543575},"point_estimate":1230512.441154034,"standard_error":838804.082591241},"slope":{"confidence_interval":{"confidence_level":0.95,"lower_bound":87995886.2367983,"upper_bound":91184907.0713379},"point_estimate":89273285.15324676,"standard_error":882370.0591302561},"std_dev":{"confidence_interval":{"confidence_level":0.95,"lower_bound":689145.2978148261,"upper_bound":3343515.6898430944},"point_estimate":2501111.747539501,"standard_error":707540.9598814436}}