{"mean":{"confidence_interval":{"confidence_level":0.95,"lower_bound":191837962.46666667,"upper_bound":218958197.10583332},"point_estimate":204508888.8666667,"standard_error":6970066.594016134},"median":{"confidence_interval":{"confidence_level":0.95,"lower_bound":185043472.33333334,"upper_bound":223659465.16666666},"point_estimate":201650507.0,"standard_error":8899374.400826808},"median_abs_dev":{"confidence_interval":{"confidence_level":0.95,"lower_bound":1986488.2615327835,"upper_bound":39356079.8608899},"point_estimate":21989603.556406483,"standard_error":9378788.014524119},"slope":null,"std_dev":{"confidence_interval":{"confidence_level":0.95,"lower_bound":9852177.466810305,"upper_bound":28772295.93932372},"point_estimate":23192363.120026417,"standard_error":4823223.772968036}}