{"mean":{"confidence_interval":{"confidence_level":0.95,"lower_bound":183014440.23333332,"upper_bound":249181536.1666667},"point_estimate":213572724.99999997,"standard_error":16995705.48054609},"median":{"confidence_interval":{"confidence_level":0.95,"lower_bound":169808347.0,"upper_bound":263386639.0},"point_estimate":189032701.5,"standard_error":22537806.921147697},"median_abs_dev":{"confidence_interval":{"confidence_level":0.95,"lower_bound":6875866.252928965,"upper_bound":87719057.10837545},"point_estimate":29954388.587403305,"standard_error":21438539.423471138},"slope":null,"std_dev":{"confidence_interval":{"confidence_level":0.95,"lower_bound":16753217.931317966,"upper_bound":72365086.11312039},"point_estimate":57094264.40425937,"standard_error":12645809.713791331}}