{"mean":{"confidence_interval":{"confidence_level":0.95,"lower_bound":91612518.35375,"upper_bound":94247997.03095236},"point_estimate":92830765.94880953,"standard_error":678688.0719806813},"median":{"confidence_interval":{"confidence_level":0.95,"lower_bound":91028437.66666666,"upper_bound":94418639.0},"point_estimate":92050315.91666666,"standard_error":870554.9526255416},"median_abs_dev":{"confidence_interval":{"confidence_level":0.95,"lower_bound":460068.9336821437,"upper_bound":3738616.5090262927},"point_estimate":1908461.3723680414,"standard_error":844267.2562801852},"slope":{"confidence_interval":{"confidence_level":0.95,"lower_bound":91090383.31388162,"upper_bound":94686804.70090139},"point_estimate":92629218.30129871,"standard_error":912589.3046582309},"std_dev":{"confidence_interval":{"confidence_level":0.95,"lower_bound":1011880.8558080905,"upper_bound":2977232.074106361},"point_estimate":2269245.216204606,"standard_error":521150.60415971413}}