{"mean":{"confidence_interval":{"confidence_level":0.95,"lower_bound":173064152.8,"upper_bound":184595611.2},"point_estimate":178394570.8333333,"standard_error":2950791.9951049434},"median":{"confidence_interval":{"confidence_level":0.95,"lower_bound":171611125.0,"upper_bound":183749062.33333334},"point_estimate":177110833.33333334,"standard_error":2561688.8982305834},"median_abs_dev":{"confidence_interval":{"confidence_level":0.95,"lower_bound":1273862.005284436,"upper_bound":15189504.586732373},"point_estimate":6065645.876613267,"standard_error":3717406.960795634},"slope":null,"std_dev":{"confidence_interval":{"confidence_level":0.95,"lower_bound":3922712.7424283484,"upper_bound":13463111.690121204},"point_estimate":9834613.862372214,"standard_error":2618905.706295097}}