{"mean":{"confidence_interval":{"confidence_level":0.95,"lower_bound":156139915.5475,"upper_bound":164038071.95},"point_estimate":159665945.8,"standard_error":2041559.6232561662},"median":{"confidence_interval":{"confidence_level":0.95,"lower_bound":155538083.5,"upper_bound":162440812.0},"point_estimate":157919396.5,"standard_error":1695005.5253189665},"median_abs_dev":{"confidence_interval":{"confidence_level":0.95,"lower_bound":741856.7031294107,"upper_bound":9492502.745774388},"point_estimate":3891670.740509033,"standard_error":2200237.1215556473},"slope":null,"std_dev":{"confidence_interval":{"confidence_level":0.95,"lower_bound":2436062.946806199,"upper_bound":9550795.982458197},"point_estimate":6806711.215220654,"standard_error":2032533.2127259409}}