{"mean":{"confidence_interval":{"confidence_level":0.95,"lower_bound":224256479.0,"upper_bound":289524184.895},"point_estimate":254713695.6,"standard_error":16874545.245138507},"median":{"confidence_interval":{"confidence_level":0.95,"lower_bound":212418146.0,"upper_bound":308556500.0},"point_estimate":221771874.5,"standard_error":26669201.002007738},"median_abs_dev":{"confidence_interval":{"confidence_level":0.95,"lower_bound":1643430.9362232685,"upper_bound":89431325.90267658},"point_estimate":22826571.765947342,"standard_error":25143389.57918138},"slope":null,"std_dev":{"confidence_interval":{"confidence_level":0.95,"lower_bound":23230647.010018706,"upper_bound":67287158.0578944},"point_estimate":56300560.38148182,"standard_error":10566303.923855709}}