{"mean":{"confidence_interval":{"confidence_level":0.95,"lower_bound":178115495.86666667,"upper_bound":236090214.57416666},"point_estimate":199506454.1666667,"standard_error":16679121.330465984},"median":{"confidence_interval":{"confidence_level":0.95,"lower_bound":175567611.0,"upper_bound":193043263.8333333},"point_estimate":183377548.66666666,"standard_error":6033788.287809905},"median_abs_dev":{"confidence_interval":{"confidence_level":0.95,"lower_bound":2760961.4227831364,"upper_bound":21402771.707224846},"point_estimate":10693643.46944987,"standard_error":6617023.718288155},"slope":null,"std_dev":{"confidence_interval":{"confidence_level":0.95,"lower_bound":5759105.283110308,"upper_bound":85535193.0563621},"point_estimate":55689482.9442933,"standard_error":27930643.005755324}}