{"mean":{"confidence_interval":{"confidence_level":0.95,"lower_bound":148578909.70000002,"upper_bound":168699623.6},"point_estimate":156725995.8,"standard_error":5393566.639671503},"median":{"confidence_interval":{"confidence_level":0.95,"lower_bound":147196652.66666666,"upper_bound":159275354.16666666},"point_estimate":149623930.5,"standard_error":3342607.749914847},"median_abs_dev":{"confidence_interval":{"confidence_level":0.95,"lower_bound":1029058.3099305556,"upper_bound":15688905.594263315},"point_estimate":3778189.8204237297,"standard_error":4101545.687361207},"slope":null,"std_dev":{"confidence_interval":{"confidence_level":0.95,"lower_bound":2917472.798389226,"upper_bound":26778482.14345963},"point_estimate":17987958.886908825,"standard_error":7280539.87319734}}