{"mean":{"confidence_interval":{"confidence_level":0.95,"lower_bound":87884069.73844445,"upper_bound":89606027.82222222},"point_estimate":88712676.25730158,"standard_error":442084.7015862824},"median":{"confidence_interval":{"confidence_level":0.95,"lower_bound":87583630.25,"upper_bound":89774625.0},"point_estimate":88377541.75,"standard_error":673543.0196691471},"median_abs_dev":{"confidence_interval":{"confidence_level":0.95,"lower_bound":234241.84729137906,"upper_bound":2604298.0487644672},"point_estimate":1360208.1953264773,"standard_error":592130.6368904145},"slope":{"confidence_interval":{"confidence_level":0.95,"lower_bound":87676197.72884303,"upper_bound":90494259.66756919},"point_estimate":89250186.8,"standard_error":747782.0153822129},"std_dev":{"confidence_interval":{"confidence_level":0.95,"lower_bound":816285.2834369347,"upper_bound":1898357.1754597093},"point_estimate":1475214.3294516667,"standard_error":285858.52446641255}}