{"mean":{"confidence_interval":{"confidence_level":0.95,"lower_bound":158633422.93333334,"upper_bound":208195982.91499993},"point_estimate":180169498.56666666,"standard_error":12838789.686060635},"median":{"confidence_interval":{"confidence_level":0.95,"lower_bound":154605437.5,"upper_bound":204562222.0},"point_estimate":158825374.8333333,"standard_error":12637601.846503139},"median_abs_dev":{"confidence_interval":{"confidence_level":0.95,"lower_bound":1584024.1436779352,"upper_bound":61981852.48710215},"point_estimate":8253613.29706905,"standard_error":14985370.029887654},"slope":null,"std_dev":{"confidence_interval":{"confidence_level":0.95,"lower_bound":4999582.824569178,"upper_bound":61436111.460652016},"point_estimate":42970993.21624841,"standard_error":14468737.245610958}}